{
	"version": 1,
	"changelists": [
		{
			"guid": "00000000000000000000000000000000",
			"description": "Default Uncontrolled Changelist",
			"files": [
				"C:/Users/kevin/Desktop/Documents/Unreal Projects/RealestProject/Content/George/FighterMode.uasset",
				"C:/Users/kevin/Desktop/Documents/Unreal Projects/RealestProject/Content/George/George.uasset",
				"C:/Users/kevin/Desktop/Documents/Unreal Projects/RealestProject/Content/Blueprints/NewGameMode.uasset",
				"C:/Users/kevin/Desktop/Documents/Unreal Projects/RealestProject/Content/Map/FighterMode.umap",
				"C:/Users/kevin/Desktop/Documents/Unreal Projects/RealestProject/Content/George/GeorgeProjectile.uasset",
				"C:/Users/kevin/Desktop/Documents/Unreal Projects/RealestProject/Content/George/Projectile_MAT.uasset",
				"C:/Users/kevin/Desktop/Documents/Unreal Projects/RealestProject/Content/George/GeorgeBP.uasset",
				"C:/Users/kevin/Desktop/Documents/Unreal Projects/RealestProject/Content/Meshs/M_SPAS12.uasset",
				"C:/Users/kevin/Desktop/Documents/Unreal Projects/RealestProject/Content/Meshs/M_SPAS12_Base_color.uasset",
				"C:/Users/kevin/Desktop/Documents/Unreal Projects/RealestProject/Content/Meshs/SK_SPAS12.uasset",
				"C:/Users/kevin/Desktop/Documents/Unreal Projects/RealestProject/Content/Meshs/SK_SPAS12_PhysicsAsset.uasset",
				"C:/Users/kevin/Desktop/Documents/Unreal Projects/RealestProject/Content/Meshs/SK_SPAS12_Skeleton.uasset",
				"C:/Users/kevin/Desktop/Documents/Unreal Projects/RealestProject/Content/Map/_GENERATED/kevin/Box_4A16D894.uasset",
				"C:/Users/kevin/Desktop/Documents/Unreal Projects/RealestProject/Content/Map/_GENERATED/kevin/Box_69C0DDDD.uasset",
				"C:/Users/kevin/Desktop/Documents/Unreal Projects/RealestProject/Content/AI/Tasks/Wanderer.uasset",
				"C:/Users/kevin/Desktop/Documents/Unreal Projects/RealestProject/Content/AI/Steve_BB.uasset",
				"C:/Users/kevin/Desktop/Documents/Unreal Projects/RealestProject/Content/AI/Steve_BT.uasset",
				"C:/Users/kevin/Desktop/Documents/Unreal Projects/RealestProject/Content/AI/AICont_Steve.uasset",
				"C:/Users/kevin/Desktop/Documents/Unreal Projects/RealestProject/Content/AI/AISteve.uasset",
				"C:/Users/kevin/Desktop/Documents/Unreal Projects/RealestProject/Content/AI/AI_Projectile.uasset",
				"C:/Users/kevin/Desktop/Documents/Unreal Projects/RealestProject/Content/AI/Tasks/Fcous.uasset",
				"C:/Users/kevin/Desktop/Documents/Unreal Projects/RealestProject/Content/AI/Tasks/MovetoLocation.uasset",
				"C:/Users/kevin/Desktop/Documents/Unreal Projects/RealestProject/Content/AI/Tasks/Shoot.uasset",
				"C:/Users/kevin/Desktop/Documents/Unreal Projects/RealestProject/Content/AI/Tasks/StopShooting.uasset",
				"C:/Users/kevin/Desktop/Documents/Unreal Projects/RealestProject/Content/George/Geroge_H.uasset",
				"C:/Users/kevin/Desktop/Documents/Unreal Projects/RealestProject/Content/Spawner/Spawnpoint.uasset",
				"C:/Users/kevin/Desktop/Documents/Unreal Projects/RealestProject/Content/George/George_H.uasset",
				"C:/Users/kevin/Desktop/Documents/Unreal Projects/RealestProject/Content/AI/AI_BB.uasset",
				"C:/Users/kevin/Desktop/Documents/Unreal Projects/RealestProject/Content/AI/AI_BT.uasset",
				"C:/Users/kevin/Desktop/Documents/Unreal Projects/RealestProject/Content/AI/AIControl.uasset",
				"C:/Users/kevin/Desktop/Documents/Unreal Projects/RealestProject/Content/AI/AIChar.uasset",
				"C:/Users/kevin/Desktop/Documents/Unreal Projects/RealestProject/Content/AI/AICont_BP.uasset",
				"C:/Users/kevin/Desktop/Documents/Unreal Projects/RealestProject/Content/AI/AI_.uasset"
			]
		}
	]
}